{"cameraMode":{"drawMode":0,"name":"Shaded","section":"Shading Mode"},"sceneLighting":false,"audioPlay":false,"sceneViewState":{"showFog":true,"showMaterialUpdate":false,"showSkybox":false,"showFlares":true,"showImageEffects":true,"showParticleSystems":true},"in2DMode":false,"pivot":{"x":1.880000114440918,"y":-3.4200000762939455,"z":0.0},"rotation":{"x":0.02697458304464817,"y":0.040474165230989459,"z":-0.0010930674616247416,"w":0.998815655708313},"size":0.9694532752037048,"orthographic":true}